<?xml version="1.0" encoding="UTF-8"?>
<beans xmlns="http://www.springframework.org/schema/beans"
	xmlns:xsi="http://www.w3.org/2001/XMLSchema-instance"
	xsi:schemaLocation="http://www.springframework.org/schema/beans https://www.springframework.org/schema/beans/spring-beans.xsd">
	
	
		<!-- 프로젝트 전체에서 사용할 객체를 생성하는 공간 (DB처리)
			servlet-context.xml 보다 먼저 실행
			즉, 프로젝트가 실행 될 때 함께 실행되서 객체 생성하고 spring에게 객체 제공
		  -->
		  
		<!-- DB정보 넣기 -->
		<!-- DB 접속 -->
		<bean id="datasource" class="org.springframework.jdbc.datasource.DriverManagerDataSource">
			<property name="driverClassName" value="com.mysql.cj.jdbc.Driver"></property>
			<property name="url" value="jdbc:mysql://localhost:3306/ictedu_db"></property>
			<property name="username" value="ictedu"></property>
			<property name="password" value="1111"></property>
		</bean>
		
		
		
		<!-- mybatis:config = mapper위치 지정-->
		<bean id="factoryBean" class="org.mybatis.spring.SqlSessionFactoryBean">
			<property name="dataSource" ref="datasource"></property>
			<property name="mapperLocations" value="classpath*:com/ict/*/repository/*_mapper.xml"></property>
		</bean>
			
			
			
			
		<!-- 실제 DAO에서 Mybatis를 사용 할 수 있는 클래스 생성 -->
		<bean id="sessionTemplate" class="org.mybatis.spring.SqlSessionTemplate">
			<constructor-arg ref="factoryBean"></constructor-arg>
		</bean>
		

		
</beans>
